1401.7474	arXiv:1401.7474
2302.10866	arXiv:2302.10866
2306.14048	arXiv:2306.14048
2306.14893	arXiv:2306.14893
2308.11358	arXiv:2308.11358
2309.12307	arXiv:2309.12307
2404.15574	arXiv:2404.15574
2406.09827	arXiv:2406.09827
2408.04107	arXiv:2408.04107
2409.20002	arXiv:2409.20002
2410.08584	arXiv:2410.08584
2410.12168	arXiv:2410.12168
2410.21465	arXiv:2410.21465
2411.15024	arXiv:2411.15024
2412.03213	arXiv:2412.03213
2501.16383	arXiv:2501.16383
2502.01659	arXiv:2502.01659
2503.08879	arXiv:2503.08879
2503.10501	arXiv:2503.10501
2504.02778	arXiv:2504.02778
2505.15347	arXiv:2505.15347
2505.18458	arXiv:2505.18458
2505.22913	arXiv:2505.22913
2506.02634	arXiv:2506.02634
2506.03762	arXiv:2506.03762
2506.05345	arXiv:2506.05345
2506.11104	arXiv:2506.11104
2506.13059	arXiv:2506.13059
2506.15724	arXiv:2506.15724
2506.19433	arXiv:2506.19433
2509.03377	arXiv:2509.03377
2509.15038	arXiv:2509.15038
2509.17396	arXiv:2509.17396
2510.00536	arXiv:2510.00536
2510.09883	arXiv:2510.09883
2510.16040	arXiv:2510.16040
2510.18586	arXiv:2510.18586
2510.25600	arXiv:2510.25600
2511.01633	arXiv:2511.01633
2512.04857	arXiv:2512.04857
2512.16615	arXiv:2512.16615
2512.19206	arXiv:2512.19206
2601.10079	arXiv:2601.10079
2601.18999	arXiv:2601.18999
2602.02159	arXiv:2602.02159
2602.05191	arXiv:2602.05191
2602.12618	arXiv:2602.12618
2602.14236	arXiv:2602.14236
2602.17981	arXiv:2602.17981
2602.23200	arXiv:2602.23200
2603.01426	arXiv:2603.01426
2603.05959	arXiv:2603.05959
2603.08739	arXiv:2603.08739
2603.14224	arXiv:2603.14224
2603.14549	arXiv:2603.14549
2603.23049	arXiv:2603.23049
2603.25155	arXiv:2603.25155
2603.28430	arXiv:2603.28430
2604.05404	arXiv:2604.05404
2604.15180	arXiv:2604.15180
2604.16734	arXiv:2604.16734
2604.18137	arXiv:2604.18137
2604.24820	arXiv:2604.24820
2604.25899	arXiv:2604.25899
2604.25985	arXiv:2604.25985
2605.01708	arXiv:2605.01708
2605.01910	arXiv:2605.01910
2605.05699	arXiv:2605.05699
2605.09490	arXiv:2605.09490
2605.09649	arXiv:2605.09649
2605.15546	arXiv:2605.15546
2605.16439	arXiv:2605.16439
2605.17613	arXiv:2605.17613
2605.19218	arXiv:2605.19218
2605.19660	arXiv:2605.19660
2605.29873	arXiv:2605.29873
2606.04511	arXiv:2606.04511
2606.04527	arXiv:2606.04527
2606.04557	arXiv:2606.04557
2606.07703	arXiv:2606.07703
2606.08302	arXiv:2606.08302
2606.09079	arXiv:2606.09079
2606.14783	arXiv:2606.14783
2606.17872	arXiv:2606.17872
2606.19849	arXiv:2606.19849
2606.21842	arXiv:2606.21842
2606.24033	arXiv:2606.24033
2606.24957	arXiv:2606.24957
2606.26762	arXiv:2606.26762
2606.29563	arXiv:2606.29563
2607.06519	arXiv:2607.06519
2607.16213	arXiv:2607.16213
2607.20981	arXiv:2607.20981
2607.22200	arXiv:2607.22200
2607.24555	arXiv:2607.24555
2607.24788	arXiv:2607.24788
2607.27187	arXiv:2607.27187
2608.07915	arXiv:2608.07915
2608.14624	arXiv:2608.14624
2608.15797	arXiv:2608.15797
2608.23834	arXiv:2608.23834
2608.23962	arXiv:2608.23962
2608.24063	arXiv:2608.24063
2608.25683	arXiv:2608.25683
2609.02029	arXiv:2609.02029
2609.02737	arXiv:2609.02737
2609.03494	arXiv:2609.03494
2609.04971	arXiv:2609.04971
2609.06341	arXiv:2609.06341
2609.10266	arXiv:2609.10266
2609.11744	arXiv:2609.11744
